date,day,hour,patients_waiting,doctors_available,avg_consultation_minutes,new_patients,revisit_patients,waiting_minutes
2026-09-07,Monday,8,3,2,12.5,1,2,21
2026-09-07,Monday,9,21,2,8.4,11,10,96
2026-09-07,Monday,10,26,2,7.6,11,15,82
2026-09-07,Monday,11,14,2,8.5,7,7,56
2026-09-07,Monday,12,11,1,10.0,5,6,95
2026-09-07,Monday,14,13,2,11.4,6,7,60
2026-09-07,Monday,15,15,2,8.1,7,8,58
2026-09-07,Monday,16,14,1,8.4,8,6,105
2026-09-08,Tuesday,8,5,2,10.8,2,3,24
2026-09-08,Tuesday,9,20,2,7.6,11,9,89
2026-09-08,Tuesday,10,12,2,12.6,5,7,82
2026-09-08,Tuesday,11,21,2,10.6,9,12,94
2026-09-08,Tuesday,12,9,1,7.2,4,5,57
2026-09-08,Tuesday,14,6,2,10.0,2,4,35
2026-09-08,Tuesday,15,12,2,7.2,5,7,46
2026-09-08,Tuesday,16,12,1,9.9,5,7,121
2026-09-09,Wednesday,8,20,2,11.5,11,9,119
2026-09-09,Wednesday,9,25,2,12.5,12,13,176
2026-09-09,Wednesday,10,27,2,7.6,15,12,106
2026-09-09,Wednesday,11,18,2,7.4,9,9,54
2026-09-09,Wednesday,12,6,1,9.2,3,3,46
2026-09-09,Wednesday,14,14,2,11.1,6,8,88
2026-09-09,Wednesday,15,12,2,9.5,6,6,58
2026-09-09,Wednesday,16,19,1,10.8,9,10,238
2026-09-10,Thursday,8,9,2,8.3,4,5,38
2026-09-10,Thursday,9,26,2,11.9,10,16,165
2026-09-10,Thursday,10,21,2,12.2,10,11,125
2026-09-10,Thursday,11,17,2,7.8,7,10,66
2026-09-10,Thursday,12,4,1,9.6,2,2,32
2026-09-10,Thursday,14,12,2,11.4,5,7,66
2026-09-10,Thursday,15,16,2,8.6,8,8,70
2026-09-10,Thursday,16,12,1,10.0,5,7,130
2026-09-11,Friday,8,5,2,7.9,3,2,22
2026-09-11,Friday,9,18,2,12.1,7,11,130
2026-09-11,Friday,10,19,2,8.6,8,11,97
2026-09-11,Friday,11,21,2,11.7,11,10,143
2026-09-11,Friday,12,13,1,12.9,5,8,195
2026-09-11,Friday,14,5,2,10.8,2,3,30
2026-09-11,Friday,15,14,2,9.9,6,8,70
2026-09-11,Friday,16,10,1,12.3,4,6,102
2026-09-12,Saturday,8,10,2,11.2,4,6,65
2026-09-12,Saturday,9,22,2,7.9,12,10,104
2026-09-12,Saturday,10,30,2,12.9,13,17,173
2026-09-12,Saturday,11,18,2,12.7,8,10,102
2026-09-12,Saturday,12,10,1,7.7,5,5,66
2026-09-12,Saturday,14,11,2,11.6,5,6,75
2026-09-12,Saturday,15,10,2,8.2,4,6,34
2026-09-12,Saturday,16,11,1,10.2,6,5,109
2026-09-13,Sunday,8,12,2,7.0,6,6,38
2026-09-13,Sunday,9,18,2,7.2,8,10,68
2026-09-13,Sunday,10,21,2,11.7,9,12,123
2026-09-13,Sunday,11,27,2,10.3,12,15,146
2026-09-13,Sunday,12,5,1,13.0,3,2,66
2026-09-13,Sunday,14,16,2,11.8,9,7,103
2026-09-13,Sunday,15,3,2,7.2,1,2,10
2026-09-13,Sunday,16,14,1,11.7,7,7,190
2026-09-14,Monday,8,11,2,11.4,5,6,68
2026-09-14,Monday,9,28,2,7.4,16,12,118
2026-09-14,Monday,10,19,2,9.8,9,10,92
2026-09-14,Monday,11,23,2,12.0,11,12,161
2026-09-14,Monday,12,12,1,10.0,5,7,104
2026-09-14,Monday,14,9,2,8.6,5,4,40
2026-09-14,Monday,15,14,2,7.0,6,8,47
2026-09-14,Monday,16,14,1,10.7,6,8,156
2026-09-15,Tuesday,8,5,2,12.2,3,2,36
2026-09-15,Tuesday,9,20,2,8.6,11,9,82
2026-09-15,Tuesday,10,19,2,10.3,7,12,99
2026-09-15,Tuesday,11,16,2,9.7,8,8,73
2026-09-15,Tuesday,12,10,1,11.4,5,5,97
2026-09-15,Tuesday,14,12,2,11.4,7,5,64
2026-09-15,Tuesday,15,13,2,8.4,7,6,53
2026-09-15,Tuesday,16,11,1,13.0,5,6,168
2026-09-16,Wednesday,8,11,2,12.9,6,5,67
2026-09-16,Wednesday,9,25,2,9.4,13,12,135
2026-09-16,Wednesday,10,18,2,12.2,9,9,116
2026-09-16,Wednesday,11,28,2,10.3,14,14,155
2026-09-16,Wednesday,12,15,1,7.7,9,6,114
2026-09-16,Wednesday,14,22,2,9.7,11,11,121
2026-09-16,Wednesday,15,8,2,8.9,3,5,30
2026-09-16,Wednesday,16,11,1,10.0,5,6,120
2026-09-17,Thursday,8,12,2,12.8,5,7,85
2026-09-17,Thursday,9,18,2,7.3,7,11,63
2026-09-17,Thursday,10,20,2,10.7,11,9,108
2026-09-17,Thursday,11,22,2,10.8,9,13,104
2026-09-17,Thursday,12,7,1,7.7,4,3,56
2026-09-17,Thursday,14,9,2,9.3,4,5,48
2026-09-17,Thursday,15,13,2,11.0,6,7,71
2026-09-17,Thursday,16,14,1,11.8,7,7,188
2026-09-18,Friday,8,13,2,7.0,5,8,47
2026-09-18,Friday,9,28,2,12.8,14,14,148
2026-09-18,Friday,10,20,2,9.2,11,9,103
2026-09-18,Friday,11,25,2,11.0,14,11,134
2026-09-18,Friday,12,11,1,7.9,5,6,77
2026-09-18,Friday,14,16,2,7.4,7,9,59
2026-09-18,Friday,15,5,2,12.4,2,3,36
2026-09-18,Friday,16,7,1,11.9,3,4,91
2026-09-19,Saturday,8,11,2,10.0,4,7,47
2026-09-19,Saturday,9,21,2,7.4,10,11,79
2026-09-19,Saturday,10,15,2,12.6,7,8,93
2026-09-19,Saturday,11,14,2,10.2,6,8,81
2026-09-19,Saturday,12,9,1,12.7,4,5,129
2026-09-19,Saturday,14,20,2,7.3,9,11,85
2026-09-19,Saturday,15,6,2,11.7,3,3,41
2026-09-19,Saturday,16,12,1,10.7,6,6,127
2026-09-20,Sunday,8,2,2,9.4,1,1,8
2026-09-20,Sunday,9,17,2,7.5,7,10,57
2026-09-20,Sunday,10,26,2,7.8,14,12,98
2026-09-20,Sunday,11,27,2,12.3,11,16,159
2026-09-20,Sunday,12,8,1,10.0,4,4,69
2026-09-20,Sunday,14,1,2,9.4,0,1,5
2026-09-20,Sunday,15,8,2,12.3,4,4,45
2026-09-20,Sunday,16,12,1,7.8,5,7,97
2026-09-21,Monday,8,11,2,12.8,5,6,57
2026-09-21,Monday,9,20,2,9.1,10,10,79
2026-09-21,Monday,10,23,2,11.2,11,12,138
2026-09-21,Monday,11,23,2,7.9,13,10,98
2026-09-21,Monday,12,10,1,7.9,4,6,78
2026-09-21,Monday,14,11,2,9.5,5,6,46
2026-09-21,Monday,15,16,2,7.6,9,7,64
2026-09-21,Monday,16,10,1,10.7,5,5,115
2026-09-22,Tuesday,8,17,2,8.4,9,8,84
2026-09-22,Tuesday,9,19,2,8.0,9,10,72
2026-09-22,Tuesday,10,20,2,10.3,9,11,117
2026-09-22,Tuesday,11,18,2,10.1,9,9,77
2026-09-22,Tuesday,12,8,1,10.7,3,5,93
2026-09-22,Tuesday,14,3,2,8.6,2,1,15
2026-09-22,Tuesday,15,9,2,12.8,4,5,58
2026-09-22,Tuesday,16,13,1,12.4,6,7,190
2026-09-23,Wednesday,8,6,2,11.6,3,3,34
2026-09-23,Wednesday,9,21,2,7.7,10,11,78
2026-09-23,Wednesday,10,21,2,12.2,9,12,147
2026-09-23,Wednesday,11,18,2,11.6,10,8,108
2026-09-23,Wednesday,12,3,1,7.7,1,2,19
2026-09-23,Wednesday,14,0,2,7.1,0,0,0
2026-09-23,Wednesday,15,13,2,11.0,5,8,72
2026-09-23,Wednesday,16,4,1,8.3,2,2,34
2026-09-24,Thursday,8,15,2,11.6,9,6,79
2026-09-24,Thursday,9,26,2,7.6,14,12,88
2026-09-24,Thursday,10,20,2,12.3,10,10,129
2026-09-24,Thursday,11,14,2,12.8,6,8,72
2026-09-24,Thursday,12,13,1,8.8,7,6,115
2026-09-24,Thursday,14,7,2,9.9,3,4,31
2026-09-24,Thursday,15,4,2,10.3,2,2,22
2026-09-24,Thursday,16,10,1,10.3,5,5,88
2026-09-25,Friday,8,6,2,11.1,3,3,35
2026-09-25,Friday,9,16,2,12.0,8,8,105
2026-09-25,Friday,10,11,2,10.6,5,6,60
2026-09-25,Friday,11,16,2,7.9,7,9,58
2026-09-25,Friday,12,5,1,10.0,2,3,47
2026-09-25,Friday,14,2,2,9.5,1,1,9
2026-09-25,Friday,15,16,2,9.4,8,8,75
2026-09-25,Friday,16,19,1,8.1,10,9,148
2026-09-26,Saturday,8,9,2,9.4,3,6,38
2026-09-26,Saturday,9,23,2,12.2,13,10,155
2026-09-26,Saturday,10,18,2,7.8,9,9,76
2026-09-26,Saturday,11,18,2,8.7,7,11,69
2026-09-26,Saturday,12,11,1,9.4,5,6,100
2026-09-26,Saturday,14,6,2,8.7,3,3,31
2026-09-26,Saturday,15,7,2,12.2,3,4,50
2026-09-26,Saturday,16,17,1,11.7,8,9,219
2026-09-27,Sunday,8,11,2,10.7,6,5,65
2026-09-27,Sunday,9,18,2,10.3,10,8,87
2026-09-27,Sunday,10,24,2,12.8,10,14,139
2026-09-27,Sunday,11,18,2,8.1,9,9,82
2026-09-27,Sunday,12,4,1,12.3,2,2,48
2026-09-27,Sunday,14,13,2,12.8,6,7,83
2026-09-27,Sunday,15,18,2,10.7,7,11,81
2026-09-27,Sunday,16,9,1,11.6,5,4,115
2026-09-28,Monday,8,9,2,12.4,5,4,54
2026-09-28,Monday,9,24,2,10.5,11,13,130
2026-09-28,Monday,10,9,2,12.4,5,4,60
2026-09-28,Monday,11,15,2,9.0,6,9,71
2026-09-28,Monday,12,19,1,11.4,8,11,205
2026-09-28,Monday,14,17,2,12.8,7,10,94
2026-09-28,Monday,15,13,2,10.6,5,8,70
2026-09-28,Monday,16,8,1,7.7,3,5,62
2026-09-29,Tuesday,8,13,2,10.5,6,7,57
2026-09-29,Tuesday,9,29,2,12.0,16,13,144
2026-09-29,Tuesday,10,14,2,8.3,6,8,68
2026-09-29,Tuesday,11,21,2,7.9,11,10,78
2026-09-29,Tuesday,12,10,1,7.7,5,5,70
2026-09-29,Tuesday,14,10,2,7.9,5,5,41
2026-09-29,Tuesday,15,3,2,9.7,2,1,13
2026-09-29,Tuesday,16,10,1,8.7,5,5,84
2026-09-30,Wednesday,8,2,2,11.5,1,1,12
2026-09-30,Wednesday,9,30,2,11.9,15,15,194
2026-09-30,Wednesday,10,28,2,7.9,12,16,102
2026-09-30,Wednesday,11,14,2,7.8,6,8,52
2026-09-30,Wednesday,12,3,1,11.4,2,1,32
2026-09-30,Wednesday,14,15,2,7.5,6,9,53
2026-09-30,Wednesday,15,8,2,10.3,3,5,46
2026-09-30,Wednesday,16,8,1,12.2,3,5,108
2026-10-01,Thursday,8,9,2,10.1,5,4,53
2026-10-01,Thursday,9,16,2,7.0,9,7,47
2026-10-01,Thursday,10,22,2,7.5,11,11,99
2026-10-01,Thursday,11,10,2,7.9,5,5,34
2026-10-01,Thursday,12,12,1,8.6,5,7,110
2026-10-01,Thursday,14,5,2,12.1,2,3,28
2026-10-01,Thursday,15,12,2,8.2,7,5,56
2026-10-01,Thursday,16,13,1,12.1,5,8,165
2026-10-02,Friday,8,6,2,9.7,3,3,24
2026-10-02,Friday,9,20,2,12.9,9,11,150
2026-10-02,Friday,10,18,2,9.8,8,10,88
2026-10-02,Friday,11,26,2,9.2,13,13,140
2026-10-02,Friday,12,11,1,9.8,5,6,126
2026-10-02,Friday,14,14,2,8.5,8,6,59
2026-10-02,Friday,15,18,2,8.5,7,11,61
2026-10-02,Friday,16,15,1,7.2,8,7,127
2026-10-03,Saturday,8,0,2,9.5,0,0,0
2026-10-03,Saturday,9,21,2,7.9,8,13,96
2026-10-03,Saturday,10,18,2,10.9,8,10,86
2026-10-03,Saturday,11,28,2,10.0,15,13,153
2026-10-03,Saturday,12,8,1,7.4,3,5,64
2026-10-03,Saturday,14,18,2,7.3,10,8,77
2026-10-03,Saturday,15,10,2,10.4,5,5,60
2026-10-03,Saturday,16,10,1,7.1,5,5,64
2026-10-04,Sunday,8,16,2,10.4,7,9,71
2026-10-04,Sunday,9,13,2,8.1,7,6,46
2026-10-04,Sunday,10,26,2,12.6,14,12,143
2026-10-04,Sunday,11,23,2,8.1,13,10,84
2026-10-04,Sunday,12,6,1,10.2,3,3,73
2026-10-04,Sunday,14,13,2,8.5,6,7,52
2026-10-04,Sunday,15,17,2,8.0,10,7,69
2026-10-04,Sunday,16,19,1,9.1,8,11,148
2026-10-05,Monday,8,15,2,10.1,6,9,64
2026-10-05,Monday,9,26,2,8.5,15,11,116
2026-10-05,Monday,10,17,2,9.6,10,7,71
2026-10-05,Monday,11,14,2,7.7,6,8,52
2026-10-05,Monday,12,14,1,8.6,7,7,104
2026-10-05,Monday,14,28,2,9.3,16,12,149
2026-10-05,Monday,15,13,2,8.7,7,6,53
2026-10-05,Monday,16,4,1,7.7,2,2,35
2026-10-06,Tuesday,8,20,2,7.5,11,9,78
2026-10-06,Tuesday,9,23,2,8.4,12,11,78
2026-10-06,Tuesday,10,20,2,12.4,10,10,122
2026-10-06,Tuesday,11,22,2,8.1,12,10,95
2026-10-06,Tuesday,12,7,1,8.0,3,4,66
2026-10-06,Tuesday,14,16,2,7.1,7,9,57
2026-10-06,Tuesday,15,10,2,8.8,5,5,50
2026-10-06,Tuesday,16,14,1,10.9,8,6,138
